kp,ki,kd,SetPoint
8.0,0.63,0.45,15.0

Trial Duration,Max Servo Angle,Min Servo Angle,Final Error,Max Distance,Min Distance,Average Error,Max Deviation
37.39999999999998,130.0,0.0,0.0,31.4,2.0,2.5703324808184145,16.4

Time,Distance,Error,Servo Angle,P Term,I Term,D Term,PID Output
0.0999999999999659,30.6,0.0,84.0,0.0,-19.75,0.0,-19.75
0.19999999999998863,31.0,0.0,84.0,0.0,-19.75,0.0,-19.75
0.30000000000001137,31.0,0.0,84.0,0.0,-19.75,0.0,-19.75
0.39999999999997726,31.0,0.0,84.0,0.0,-19.75,0.0,-19.75
0.5,31.0,0.0,84.0,0.0,-19.75,0.0,-19.75
0.5999999999999659,31.0,0.0,84.0,0.0,-19.75,0.0,-19.75
0.6999999999999886,30.4,0.0,84.0,0.0,-19.75,0.0,-19.75
0.8000000000000114,31.0,0.0,84.0,0.0,-19.75,0.0,-19.75
0.8999999999999773,31.0,0.0,84.0,0.0,-19.75,0.0,-19.75
1.0,30.8,0.0,84.0,0.0,-19.75,0.0,-19.75
1.099999999999966,31.0,0.0,84.0,0.0,-19.75,0.0,-19.75
1.1999999999999886,30.6,0.0,84.0,0.0,-19.75,0.0,-19.75
1.3000000000000114,31.0,0.0,84.0,0.0,-19.75,0.0,-19.75
1.3999999999999773,31.0,0.0,84.0,0.0,-19.75,0.0,-19.75
1.5,30.4,0.0,84.0,0.0,-19.75,0.0,-19.75
1.599999999999966,31.0,0.0,84.0,0.0,-19.75,0.0,-19.75
1.6899999999999977,31.0,0.0,84.0,0.0,-19.75,0.0,-19.75
1.8000000000000114,31.4,0.0,84.0,0.0,-19.75,0.0,-19.75
1.8999999999999773,31.0,0.0,84.0,0.0,-19.75,0.0,-19.75
1.990000000000009,30.6,0.0,84.0,0.0,-19.75,0.0,-19.75
2.099999999999966,30.8,15.8,0.0,126.4,31.25,0.07,157.72
2.1999999999999886,31.2,16.2,0.0,129.6,31.25,1.8,162.65
2.3000000000000114,30.2,15.2,0.0,121.6,31.25,-4.5,148.35
2.3999999999999773,30.6,15.6,0.0,124.8,31.25,1.78,157.83
2.5,30.6,15.6,0.0,124.8,31.25,0.0,156.05
2.599999999999966,27.6,12.6,0.0,100.8,31.25,-13.64,118.41
2.6999999999999886,26.2,11.2,0.0,89.6,31.25,-6.24,114.61
2.7899999999999636,23.6,8.6,0.0,68.8,31.25,-12.06,87.99
2.8899999999999864,19.2,4.2,20.0,33.6,31.25,-20.41,44.44
2.990000000000009,13.8,-1.2,68.0,-9.6,31.18,-25.31,-3.73
3.079999999999984,10.2,-4.8,89.0,-38.4,30.9,-17.23,-24.74
3.169999999999959,4.6,-10.4,130.0,-83.2,30.28,-26.81,-79.72
3.269999999999982,7.0,-8.0,87.0,-64.0,29.8,11.25,-22.95
3.3700000000000045,14.6,-0.4,2.0,-3.2,29.78,35.63,62.21
3.4599999999999795,2.4,-12.6,130.0,-100.8,29.06,-59.67,-131.42
3.5600000000000023,3.0,-12.0,129.0,-96.0,28.33,2.78,-64.89
3.6499999999999773,2.8,-12.2,130.0,-97.6,27.62,-0.97,-70.95
3.740000000000009,2.0,-13.0,130.0,-104.0,26.86,-3.83,-80.97
3.839999999999975,3.2,-11.8,127.0,-94.4,26.16,5.68,-62.56
3.930000000000007,4.0,-11.0,123.0,-88.0,25.51,3.83,-58.66
4.029999999999973,5.8,-9.2,105.0,-73.6,24.97,8.62,-40.01
4.1200000000000045,12.8,-2.2,24.0,-17.6,24.84,33.51,40.75
4.21999999999997,15.0,0.0,29.0,0.0,24.84,10.31,35.15
4.310000000000002,9.6,-5.4,109.0,-43.2,24.52,-25.58,-44.26
4.409999999999968,10.4,-4.6,73.0,-36.8,24.24,3.75,-8.81
4.5,11.2,-3.8,67.0,-30.4,24.02,3.83,-2.55
4.589999999999975,10.6,-4.4,79.0,-35.2,23.76,-2.87,-14.31
4.689999999999998,11.0,-4.0,71.0,-32.0,23.52,1.89,-6.58
4.779999999999973,10.8,-4.2,76.0,-33.6,23.27,-0.95,-11.27
4.8799999999999955,10.6,-4.4,78.0,-35.2,23.01,-0.95,-13.13
4.96999999999997,11.2,-3.8,69.0,-30.4,22.79,2.84,-4.77
5.069999999999993,11.0,-4.0,75.0,-32.0,22.55,-0.95,-10.4
5.159999999999968,11.2,-3.8,72.0,-30.4,22.32,0.94,-7.14
5.259999999999991,11.2,-3.8,73.0,-30.4,22.1,0.0,-8.3
5.349999999999966,11.4,-3.6,70.0,-28.8,21.89,0.96,-5.96
5.449999999999989,12.0,-3.0,64.0,-24.0,21.71,2.87,0.58
5.539999999999964,10.0,-5.0,93.0,-40.0,21.42,-9.57,-28.16
5.639999999999986,11.0,-4.0,71.0,-32.0,21.18,4.69,-6.14
5.729999999999961,11.2,-3.8,73.0,-30.4,20.95,0.95,-8.5
5.829999999999984,11.0,-4.0,77.0,-32.0,20.72,-0.96,-12.24
5.919999999999959,11.6,-3.4,68.0,-27.2,20.51,2.84,-3.84
6.019999999999982,10.4,-4.6,87.0,-36.8,20.24,-5.68,-22.24
6.109999999999957,11.0,-4.0,74.0,-32.0,20.0,2.84,-9.15
6.2099999999999795,11.0,-4.0,77.0,-32.0,19.77,0.0,-12.23
6.300000000000011,11.4,-3.6,72.0,-28.8,19.56,1.89,-7.35
6.389999999999986,12.0,-3.0,66.0,-24.0,19.38,2.87,-1.75
6.490000000000009,10.0,-5.0,95.0,-40.0,19.08,-9.47,-30.39
6.579999999999984,12.0,-3.0,60.0,-24.0,18.9,9.47,4.38
6.680000000000007,11.4,-3.6,77.0,-28.8,18.69,-2.87,-12.98
6.769999999999982,11.4,-3.6,75.0,-28.8,18.48,0.0,-10.32
6.8700000000000045,12.0,-3.0,67.0,-24.0,18.3,2.84,-2.86
6.9599999999999795,11.4,-3.6,78.0,-28.8,18.09,-2.87,-13.59
7.060000000000002,11.0,-4.0,81.0,-32.0,17.85,-1.87,-16.03
7.149999999999977,11.0,-4.0,79.0,-32.0,17.61,0.0,-14.39
7.25,12.0,-3.0,66.0,-24.0,17.43,4.74,-1.83
7.339999999999975,12.0,-3.0,71.0,-24.0,17.25,0.0,-6.75
7.439999999999998,12.0,-3.0,71.0,-24.0,17.08,0.0,-6.92
7.529999999999973,12.2,-2.8,69.0,-22.4,16.91,0.96,-4.53
7.6299999999999955,11.4,-3.6,80.0,-28.8,16.7,-3.79,-15.89
7.71999999999997,10.8,-4.2,84.0,-33.6,16.45,-2.81,-19.97
7.819999999999993,11.0,-4.0,79.0,-32.0,16.21,0.95,-14.84
7.909999999999968,11.0,-4.0,81.0,-32.0,15.97,0.0,-16.03
8.009999999999991,10.4,-4.6,88.0,-36.8,15.7,-2.87,-23.97
8.099999999999966,11.0,-4.0,78.0,-32.0,15.46,2.84,-13.69
8.199999999999989,11.0,-4.0,81.0,-32.0,15.23,0.0,-16.77
8.289999999999964,11.0,-4.0,82.0,-32.0,14.99,0.0,-17.01
8.379999999999995,10.8,-4.2,84.0,-33.6,14.74,-0.96,-19.81
8.479999999999961,10.4,-4.6,89.0,-36.8,14.47,-1.89,-24.22
8.579999999999984,10.8,-4.2,82.0,-33.6,14.22,1.86,-17.53
8.669999999999959,10.0,-5.0,94.0,-40.0,13.92,-3.83,-29.91
8.769999999999982,11.2,-3.8,76.0,-30.4,13.7,5.68,-11.02
8.859999999999957,10.0,-5.0,97.0,-40.0,13.4,-5.74,-32.34
8.95999999999998,10.0,-5.0,91.0,-40.0,13.11,0.0,-26.89
9.050000000000011,10.0,-5.0,92.0,-40.0,12.81,0.0,-27.19
9.139999999999986,10.0,-5.0,92.0,-40.0,12.52,0.0,-27.48
9.240000000000009,10.0,-5.0,92.0,-40.0,12.22,0.0,-27.78
9.329999999999984,10.0,-5.0,93.0,-40.0,11.93,0.0,-28.07
9.430000000000007,10.0,-5.0,93.0,-40.0,11.63,0.0,-28.37
9.519999999999982,10.0,-5.0,93.0,-40.0,11.34,0.0,-28.66
9.620000000000005,10.0,-5.0,93.0,-40.0,11.04,0.0,-28.96
9.70999999999998,10.0,-5.0,94.0,-40.0,10.75,0.0,-29.25
9.800000000000011,10.0,-5.0,94.0,-40.0,10.46,0.0,-29.54
9.899999999999977,10.0,-5.0,94.0,-40.0,10.16,0.0,-29.84
9.990000000000009,10.0,-5.0,95.0,-40.0,9.87,0.0,-30.13
10.089999999999975,10.0,-5.0,95.0,-40.0,9.57,0.0,-30.43
10.180000000000007,10.0,-5.0,95.0,-40.0,9.28,0.0,-30.72
10.269999999999982,10.0,-5.0,96.0,-40.0,8.99,0.0,-31.01
10.370000000000005,10.0,-5.0,96.0,-40.0,8.69,0.0,-31.31
10.45999999999998,10.0,-5.0,96.0,-40.0,8.4,0.0,-31.6
10.560000000000002,10.0,-5.0,96.0,-40.0,8.11,0.0,-31.89
10.649999999999977,10.0,-5.0,97.0,-40.0,7.81,0.0,-32.19
10.740000000000009,10.0,-5.0,97.0,-40.0,7.52,0.0,-32.48
10.839999999999975,10.0,-5.0,97.0,-40.0,7.22,0.0,-32.78
10.930000000000007,10.0,-5.0,98.0,-40.0,6.93,0.0,-33.07
11.029999999999973,10.0,-5.0,98.0,-40.0,6.64,0.0,-33.36
11.120000000000005,10.0,-5.0,98.0,-40.0,6.34,0.0,-33.66
11.20999999999998,10.0,-5.0,98.0,-40.0,6.05,0.0,-33.95
11.310000000000002,10.0,-5.0,99.0,-40.0,5.75,0.0,-34.25
11.399999999999977,10.0,-5.0,99.0,-40.0,5.46,0.0,-34.54
11.5,12.0,-3.0,74.0,-24.0,5.28,9.57,-9.14
11.589999999999975,12.0,-3.0,83.0,-24.0,5.11,0.0,-18.89
11.680000000000007,10.0,-5.0,109.0,-40.0,4.81,-9.57,-44.76
11.779999999999973,11.0,-4.0,87.0,-32.0,4.57,4.69,-22.74
11.870000000000005,10.8,-4.2,95.0,-33.6,4.33,-0.96,-30.23
11.96999999999997,11.0,-4.0,91.0,-32.0,4.09,0.96,-26.95
12.060000000000002,11.0,-4.0,93.0,-32.0,3.86,0.0,-28.14
12.159999999999968,11.6,-3.4,85.0,-27.2,3.66,2.87,-20.67
12.25,12.4,-2.6,78.0,-20.8,3.5,3.75,-13.55
12.349999999999966,13.0,-2.0,74.0,-16.0,3.38,2.87,-9.74
12.439999999999998,13.2,-1.8,75.0,-14.4,3.28,0.95,-10.18
12.539999999999964,14.6,-0.4,58.0,-3.2,3.25,6.63,6.68
12.629999999999995,14.0,-1.0,72.0,-8.0,3.19,-2.81,-7.62
12.729999999999961,14.4,-0.6,64.0,-4.8,3.16,1.89,0.25
12.819999999999993,15.8,0.8,48.0,6.4,3.21,6.56,16.17
12.919999999999959,14.0,-1.0,78.0,-8.0,3.15,-8.62,-13.47
13.009999999999991,15.0,0.0,57.0,0.0,3.15,4.64,7.79
13.109999999999957,13.2,-1.8,84.0,-14.4,3.04,-8.62,-19.98
13.199999999999989,13.0,-2.0,79.0,-16.0,2.92,-0.95,-14.03
13.300000000000011,12.0,-3.0,90.0,-24.0,2.74,-4.74,-25.99
13.389999999999986,12.8,-2.2,76.0,-17.6,2.61,3.83,-11.16
13.490000000000009,12.0,-3.0,90.0,-24.0,2.43,-3.75,-25.32
13.579999999999984,12.0,-3.0,86.0,-24.0,2.26,0.0,-21.74
13.680000000000007,12.2,-2.8,84.0,-22.4,2.09,0.95,-19.36
13.769999999999982,13.0,-2.0,75.0,-16.0,1.97,3.83,-10.2
13.870000000000005,12.8,-2.2,81.0,-17.6,1.84,-0.94,-16.69
13.95999999999998,13.0,-2.0,78.0,-16.0,1.72,0.95,-13.33
14.060000000000002,13.2,-1.8,76.0,-14.4,1.62,0.96,-11.82
14.149999999999977,13.2,-1.8,77.0,-14.4,1.51,0.0,-12.89
14.25,13.0,-2.0,80.0,-16.0,1.39,-0.95,-15.55
14.339999999999975,13.8,-1.2,69.0,-9.6,1.32,3.75,-4.53
14.439999999999998,13.0,-2.0,83.0,-16.0,1.2,-3.83,-18.63
14.529999999999973,13.0,-2.0,79.0,-16.0,1.08,0.0,-14.92
14.629999999999995,13.2,-1.8,77.0,-14.4,0.98,0.95,-12.48
14.71999999999997,13.0,-2.0,81.0,-16.0,0.86,-0.95,-16.09
14.819999999999993,13.0,-2.0,80.0,-16.0,0.74,0.0,-15.26
14.909999999999968,13.0,-2.0,80.0,-16.0,0.62,0.0,-15.38
15.0,13.0,-2.0,80.0,-16.0,0.5,0.0,-15.5
15.099999999999966,13.0,-2.0,80.0,-16.0,0.39,0.0,-15.61
15.199999999999989,13.0,-2.0,80.0,-16.0,0.27,0.0,-15.73
15.289999999999964,13.0,-2.0,80.0,-16.0,0.15,0.0,-15.85
15.379999999999995,13.0,-2.0,80.0,-16.0,0.03,0.0,-15.97
15.479999999999961,13.0,-2.0,81.0,-16.0,-0.09,0.0,-16.09
15.579999999999984,13.0,-2.0,81.0,-16.0,-0.21,0.0,-16.21
15.669999999999959,13.0,-2.0,81.0,-16.0,-0.33,0.0,-16.33
15.769999999999982,13.0,-2.0,81.0,-16.0,-0.45,0.0,-16.45
15.859999999999957,13.0,-2.0,81.0,-16.0,-0.56,0.0,-16.56
15.95999999999998,13.0,-2.0,81.0,-16.0,-0.68,0.0,-16.68
16.05000000000001,13.0,-2.0,81.0,-16.0,-0.8,0.0,-16.8
16.149999999999977,13.0,-2.0,81.0,-16.0,-0.92,0.0,-16.92
16.24000000000001,13.0,-2.0,82.0,-16.0,-1.04,0.0,-17.04
16.339999999999975,13.0,-2.0,82.0,-16.0,-1.16,0.0,-17.16
16.430000000000007,13.0,-2.0,82.0,-16.0,-1.28,0.0,-17.28
16.529999999999973,13.0,-2.0,82.0,-16.0,-1.4,0.0,-17.4
16.620000000000005,13.0,-2.0,82.0,-16.0,-1.52,0.0,-17.52
16.71999999999997,13.0,-2.0,82.0,-16.0,-1.63,0.0,-17.63
16.810000000000002,13.0,-2.0,82.0,-16.0,-1.75,0.0,-17.75
16.909999999999968,13.0,-2.0,82.0,-16.0,-1.87,0.0,-17.87
17.0,13.0,-2.0,82.0,-16.0,-1.99,0.0,-17.99
17.099999999999966,13.0,-2.0,83.0,-16.0,-2.11,0.0,-18.11
17.189999999999998,13.0,-2.0,83.0,-16.0,-2.23,0.0,-18.23
17.289999999999964,13.0,-2.0,83.0,-16.0,-2.35,0.0,-18.35
17.379999999999995,13.0,-2.0,83.0,-16.0,-2.47,0.0,-18.47
17.47999999999996,13.0,-2.0,83.0,-16.0,-2.59,0.0,-18.59
17.569999999999993,13.0,-2.0,83.0,-16.0,-2.7,0.0,-18.7
17.66999999999996,13.0,-2.0,83.0,-16.0,-2.82,0.0,-18.82
17.75999999999999,13.0,-2.0,83.0,-16.0,-2.94,0.0,-18.94
17.859999999999957,13.0,-2.0,84.0,-16.0,-3.06,0.0,-19.06
17.94999999999999,13.0,-2.0,84.0,-16.0,-3.18,0.0,-19.18
18.05000000000001,13.0,-2.0,84.0,-16.0,-3.3,0.0,-19.3
18.139999999999986,13.0,-2.0,84.0,-16.0,-3.42,0.0,-19.42
18.24000000000001,13.0,-2.0,84.0,-16.0,-3.54,0.0,-19.54
18.329999999999984,13.0,-2.0,84.0,-16.0,-3.66,0.0,-19.66
18.430000000000007,13.0,-2.0,84.0,-16.0,-3.77,0.0,-19.77
18.519999999999982,13.0,-2.0,84.0,-16.0,-3.89,0.0,-19.89
18.620000000000005,13.0,-2.0,85.0,-16.0,-4.01,0.0,-20.01
18.70999999999998,13.0,-2.0,85.0,-16.0,-4.13,0.0,-20.13
18.810000000000002,13.0,-2.0,85.0,-16.0,-4.25,0.0,-20.25
18.899999999999977,13.0,-2.0,85.0,-16.0,-4.37,0.0,-20.37
19.0,13.0,-2.0,85.0,-16.0,-4.49,0.0,-20.49
19.089999999999975,13.0,-2.0,85.0,-16.0,-4.61,0.0,-20.61
19.189999999999998,13.0,-2.0,85.0,-16.0,-4.72,0.0,-20.72
19.279999999999973,13.0,-2.0,85.0,-16.0,-4.84,0.0,-20.84
19.379999999999995,13.0,-2.0,85.0,-16.0,-4.96,0.0,-20.96
19.46999999999997,13.0,-2.0,86.0,-16.0,-5.08,0.0,-21.08
19.569999999999993,13.0,-2.0,86.0,-16.0,-5.2,0.0,-21.2
19.659999999999968,13.0,-2.0,86.0,-16.0,-5.32,0.0,-21.32
19.75999999999999,13.0,-2.0,86.0,-16.0,-5.44,0.0,-21.44
19.849999999999966,13.0,-2.0,86.0,-16.0,-5.56,0.0,-21.56
19.94999999999999,13.0,-2.0,86.0,-16.0,-5.68,0.0,-21.68
20.039999999999964,13.0,-2.0,86.0,-16.0,-5.79,0.0,-21.79
20.139999999999986,13.0,-2.0,86.0,-16.0,-5.91,0.0,-21.91
20.22999999999996,13.0,-2.0,87.0,-16.0,-6.03,0.0,-22.03
20.329999999999984,13.0,-2.0,87.0,-16.0,-6.15,0.0,-22.15
20.41999999999996,13.0,-2.0,87.0,-16.0,-6.27,0.0,-22.27
20.519999999999982,13.0,-2.0,87.0,-16.0,-6.39,0.0,-22.39
20.609999999999957,13.0,-2.0,87.0,-16.0,-6.51,0.0,-22.51
20.70999999999998,13.0,-2.0,87.0,-16.0,-6.63,0.0,-22.63
20.80000000000001,13.0,-2.0,87.0,-16.0,-6.74,0.0,-22.74
20.899999999999977,13.0,-2.0,87.0,-16.0,-6.86,0.0,-22.86
20.99000000000001,13.0,-2.0,87.0,-16.0,-6.98,0.0,-22.98
21.089999999999975,13.0,-2.0,88.0,-16.0,-7.1,0.0,-23.1
21.180000000000007,13.0,-2.0,88.0,-16.0,-7.22,0.0,-23.22
21.279999999999973,13.0,-2.0,88.0,-16.0,-7.34,0.0,-23.34
21.370000000000005,13.0,-2.0,88.0,-16.0,-7.46,0.0,-23.46
21.46999999999997,13.0,-2.0,88.0,-16.0,-7.58,0.0,-23.58
21.560000000000002,13.0,-2.0,88.0,-16.0,-7.69,0.0,-23.69
21.659999999999968,13.0,-2.0,88.0,-16.0,-7.81,0.0,-23.81
21.75,13.0,-2.0,88.0,-16.0,-7.93,0.0,-23.93
21.849999999999966,13.0,-2.0,89.0,-16.0,-8.05,0.0,-24.05
21.939999999999998,13.0,-2.0,89.0,-16.0,-8.17,0.0,-24.17
22.039999999999964,13.0,-2.0,89.0,-16.0,-8.29,0.0,-24.29
22.129999999999995,13.0,-2.0,89.0,-16.0,-8.41,0.0,-24.41
22.22999999999996,13.0,-2.0,89.0,-16.0,-8.53,0.0,-24.53
22.319999999999993,13.0,-2.0,89.0,-16.0,-8.64,0.0,-24.64
22.41999999999996,13.0,-2.0,89.0,-16.0,-8.76,0.0,-24.76
22.50999999999999,13.0,-2.0,89.0,-16.0,-8.88,0.0,-24.88
22.609999999999957,13.0,-2.0,89.0,-16.0,-9.0,0.0,-25.0
22.69999999999999,13.0,-2.0,90.0,-16.0,-9.12,0.0,-25.12
22.80000000000001,13.0,-2.0,90.0,-16.0,-9.24,0.0,-25.24
22.889999999999986,13.0,-2.0,90.0,-16.0,-9.36,0.0,-25.36
22.99000000000001,13.0,-2.0,90.0,-16.0,-9.47,0.0,-25.47
23.079999999999984,13.0,-2.0,90.0,-16.0,-9.59,0.0,-25.59
23.180000000000007,13.0,-2.0,90.0,-16.0,-9.71,0.0,-25.71
23.269999999999982,13.0,-2.0,90.0,-16.0,-9.83,0.0,-25.83
23.370000000000005,13.0,-2.0,90.0,-16.0,-9.95,0.0,-25.95
23.45999999999998,13.0,-2.0,91.0,-16.0,-10.07,0.0,-26.07
23.560000000000002,13.0,-2.0,91.0,-16.0,-10.19,0.0,-26.19
23.659999999999968,13.0,-2.0,91.0,-16.0,-10.31,0.0,-26.31
23.75,13.0,-2.0,91.0,-16.0,-10.43,0.0,-26.43
23.849999999999966,13.0,-2.0,91.0,-16.0,-10.55,0.0,-26.55
23.939999999999998,13.0,-2.0,91.0,-16.0,-10.67,0.0,-26.67
24.039999999999964,13.0,-2.0,91.0,-16.0,-10.79,0.0,-26.79
24.139999999999986,13.0,-2.0,91.0,-16.0,-10.91,0.0,-26.91
24.22999999999996,13.0,-2.0,92.0,-16.0,-11.03,0.0,-27.03
24.329999999999984,13.0,-2.0,92.0,-16.0,-11.15,0.0,-27.15
24.41999999999996,13.4,-1.6,87.0,-12.8,-11.25,1.87,-22.17
24.519999999999982,13.4,-1.6,89.0,-12.8,-11.34,0.0,-24.14
24.620000000000005,13.0,-2.0,94.0,-16.0,-11.46,-1.86,-29.32
24.70999999999998,13.0,-2.0,92.0,-16.0,-11.58,0.0,-27.58
24.810000000000002,13.0,-2.0,92.0,-16.0,-11.7,0.0,-27.7
24.909999999999968,13.0,-2.0,92.0,-16.0,-11.82,0.0,-27.82
25.0,12.8,-2.2,95.0,-17.6,-11.96,-0.93,-30.48
25.099999999999966,13.0,-2.0,92.0,-16.0,-12.08,0.94,-27.14
25.189999999999998,14.0,-1.0,80.0,-8.0,-12.14,4.64,-15.5
25.289999999999964,12.8,-2.2,100.0,-17.6,-12.27,-5.74,-35.61
25.389999999999986,15.0,0.0,67.0,0.0,-12.27,9.9,-2.37
25.47999999999996,13.4,-1.6,97.0,-12.8,-12.36,-7.66,-32.82
25.579999999999984,13.0,-2.0,95.0,-16.0,-12.48,-1.86,-30.34
25.680000000000007,13.4,-1.6,88.0,-12.8,-12.58,1.86,-23.52
25.769999999999982,13.0,-2.0,95.0,-16.0,-12.7,-1.86,-30.56
25.870000000000005,13.0,-2.0,93.0,-16.0,-12.82,0.0,-28.82
25.96999999999997,14.0,-1.0,81.0,-8.0,-12.88,4.69,-16.19
26.060000000000002,12.8,-2.2,101.0,-17.6,-13.01,-5.68,-36.3
26.159999999999968,13.6,-1.4,85.0,-11.2,-13.1,3.64,-20.66
26.25999999999999,13.0,-2.0,97.0,-16.0,-13.22,-2.84,-32.06
26.349999999999966,13.0,-2.0,94.0,-16.0,-13.34,0.0,-29.34
26.44999999999999,13.2,-1.8,91.0,-14.4,-13.45,0.94,-26.91
26.55000000000001,13.4,-1.6,90.0,-12.8,-13.54,0.93,-25.42
26.639999999999986,13.2,-1.8,93.0,-14.4,-13.65,-0.94,-28.99
26.74000000000001,13.0,-2.0,95.0,-16.0,-13.77,-0.93,-30.7
26.839999999999975,13.0,-2.0,94.0,-16.0,-13.89,0.0,-29.89
26.930000000000007,13.2,-1.8,92.0,-14.4,-14.0,0.94,-27.46
27.029999999999973,13.0,-2.0,96.0,-16.0,-14.12,-0.94,-31.06
27.129999999999995,13.0,-2.0,95.0,-16.0,-14.24,0.0,-30.24
27.21999999999997,13.0,-2.0,95.0,-16.0,-14.36,0.0,-30.36
27.319999999999993,13.0,-2.0,95.0,-16.0,-14.48,0.0,-30.48
27.409999999999968,13.0,-2.0,95.0,-16.0,-14.6,0.0,-30.6
27.50999999999999,13.0,-2.0,95.0,-16.0,-14.72,0.0,-30.72
27.599999999999966,13.0,-2.0,95.0,-16.0,-14.84,0.0,-30.84
27.69999999999999,13.0,-2.0,95.0,-16.0,-14.96,0.0,-30.96
27.80000000000001,13.8,-1.2,85.0,-9.6,-15.04,3.75,-20.89
27.889999999999986,13.8,-1.2,89.0,-9.6,-15.11,0.0,-24.71
27.99000000000001,13.0,-2.0,99.0,-16.0,-15.23,-3.75,-34.98
28.089999999999975,13.4,-1.6,91.0,-12.8,-15.32,1.86,-26.27
28.180000000000007,14.0,-1.0,85.0,-8.0,-15.38,2.81,-20.57
28.279999999999973,13.8,-1.2,91.0,-9.6,-15.45,-0.95,-26.0
28.370000000000005,13.0,-2.0,100.0,-16.0,-15.58,-3.71,-35.29
28.46999999999997,13.0,-2.0,96.0,-16.0,-15.7,0.0,-31.7
28.569999999999993,12.8,-2.2,99.0,-17.6,-15.83,-0.94,-34.37
28.659999999999968,13.0,-2.0,96.0,-16.0,-15.95,0.93,-31.02
28.75999999999999,13.0,-2.0,97.0,-16.0,-16.07,0.0,-32.07
28.849999999999966,13.0,-2.0,97.0,-16.0,-16.19,0.0,-32.19
28.94999999999999,13.0,-2.0,97.0,-16.0,-16.31,0.0,-32.31
29.05000000000001,13.0,-2.0,97.0,-16.0,-16.43,0.0,-32.43
29.139999999999986,13.0,-2.0,97.0,-16.0,-16.55,0.0,-32.55
29.24000000000001,13.0,-2.0,97.0,-16.0,-16.67,0.0,-32.67
29.339999999999975,13.0,-2.0,97.0,-16.0,-16.79,0.0,-32.79
29.430000000000007,12.8,-2.2,100.0,-17.6,-16.92,-0.95,-35.47
29.529999999999973,13.0,-2.0,97.0,-16.0,-17.04,0.91,-32.14
29.629999999999995,13.2,-1.8,95.0,-14.4,-17.15,0.94,-30.62
29.71999999999997,13.0,-2.0,99.0,-16.0,-17.27,-0.94,-34.21
29.819999999999993,13.2,-1.8,95.0,-14.4,-17.38,0.93,-30.85
29.909999999999968,13.0,-2.0,99.0,-16.0,-17.5,-0.94,-34.44
30.00999999999999,13.0,-2.0,98.0,-16.0,-17.62,0.0,-33.62
30.109999999999957,13.0,-2.0,98.0,-16.0,-17.74,0.0,-33.74
30.19999999999999,13.0,-2.0,98.0,-16.0,-17.86,0.0,-33.86
30.30000000000001,12.8,-2.2,101.0,-17.6,-18.0,-0.94,-36.53
30.399999999999977,13.0,-2.0,98.0,-16.0,-18.12,0.92,-33.2
30.49000000000001,13.0,-2.0,99.0,-16.0,-18.24,0.0,-34.24
30.589999999999975,13.0,-2.0,99.0,-16.0,-18.36,0.0,-34.36
30.689999999999998,13.0,-2.0,99.0,-16.0,-18.48,0.0,-34.48
30.779999999999973,13.0,-2.0,99.0,-16.0,-18.6,0.0,-34.6
30.879999999999995,12.8,-2.2,102.0,-17.6,-18.73,-0.95,-37.28
30.96999999999997,12.8,-2.2,101.0,-17.6,-18.86,0.0,-36.46
31.069999999999993,13.0,-2.0,99.0,-16.0,-18.99,0.93,-34.06
31.16999999999996,13.0,-2.0,100.0,-16.0,-19.11,0.0,-35.11
31.25999999999999,13.0,-2.0,100.0,-16.0,-19.23,0.0,-35.23
31.359999999999957,13.0,-2.0,100.0,-16.0,-19.35,0.0,-35.35
31.45999999999998,12.8,-2.2,103.0,-17.6,-19.48,-0.93,-38.01
31.560000000000002,12.8,-2.2,102.0,-17.6,-19.62,0.0,-37.22
31.649999999999977,13.0,-2.0,99.0,-16.0,-19.74,0.94,-34.8
31.75,13.0,-2.0,100.0,-16.0,-19.86,0.0,-35.86
31.849999999999966,12.8,-2.2,103.0,-17.6,-19.99,-0.93,-38.52
31.939999999999998,13.4,-1.6,95.0,-12.8,-20.09,2.76,-30.13
32.039999999999964,14.0,-1.0,90.0,-8.0,-20.15,2.78,-25.37
32.139999999999986,13.2,-1.8,103.0,-14.4,-20.26,-3.79,-38.45
32.22999999999996,13.0,-2.0,102.0,-16.0,-20.38,-0.93,-37.31
32.329999999999984,13.0,-2.0,101.0,-16.0,-20.5,0.0,-36.5
32.43000000000001,14.0,-1.0,88.0,-8.0,-20.56,4.59,-23.97
32.52999999999997,13.8,-1.2,96.0,-9.6,-20.63,-0.95,-31.18
32.620000000000005,13.0,-2.0,105.0,-16.0,-20.75,-3.75,-40.5
32.71999999999997,13.2,-1.8,99.0,-14.4,-20.86,0.92,-34.34
32.81999999999999,14.0,-1.0,90.0,-8.0,-20.92,3.71,-25.21
32.90999999999997,13.8,-1.2,96.0,-9.6,-20.99,-0.95,-31.54
33.00999999999999,13.0,-2.0,105.0,-16.0,-21.11,-3.75,-40.86
33.099999999999966,13.6,-1.4,94.0,-11.2,-21.2,2.76,-29.65
33.19999999999999,14.2,-0.8,89.0,-6.4,-21.25,2.78,-24.87
33.30000000000001,14.4,-0.6,90.0,-4.8,-21.28,0.94,-25.15
33.389999999999986,15.0,0.0,83.0,0.0,-21.28,2.84,-18.44
33.49000000000001,15.0,0.0,86.0,0.0,-21.28,0.0,-21.28
33.579999999999984,15.2,0.2,83.0,1.6,-21.27,0.94,-18.74
33.68000000000001,15.6,0.6,79.0,4.8,-21.24,1.88,-14.56
33.77999999999997,14.0,-1.0,101.0,-8.0,-21.3,-7.66,-36.96
33.870000000000005,14.2,-0.8,91.0,-6.4,-21.34,0.92,-26.83
33.96999999999997,15.0,0.0,82.0,0.0,-21.34,3.75,-17.59
34.06,15.0,0.0,86.0,0.0,-21.34,0.0,-21.34
34.15999999999997,14.0,-1.0,99.0,-8.0,-21.4,-4.74,-34.14
34.25,15.0,0.0,81.0,0.0,-21.4,4.64,-16.76
34.349999999999966,15.0,0.0,86.0,0.0,-21.4,0.0,-21.4
34.44999999999999,15.0,0.0,86.0,0.0,-21.4,0.0,-21.4
34.539999999999964,15.0,0.0,86.0,0.0,-21.4,0.0,-21.4
34.639999999999986,15.0,0.0,86.0,0.0,-21.4,0.0,-21.4
34.72999999999996,15.0,0.0,86.0,0.0,-21.4,0.0,-21.4
34.829999999999984,15.0,0.0,86.0,0.0,-21.4,0.0,-21.4
34.91999999999996,15.0,0.0,86.0,0.0,-21.4,0.0,-21.4
35.01999999999998,15.0,0.0,86.0,0.0,-21.4,0.0,-21.4
35.10999999999996,15.0,0.0,86.0,0.0,-21.4,0.0,-21.4
35.20999999999998,15.0,0.0,86.0,0.0,-21.4,0.0,-21.4
35.30000000000001,15.0,0.0,86.0,0.0,-21.4,0.0,-21.4
35.39999999999998,15.0,0.0,86.0,0.0,-21.4,0.0,-21.4
35.49000000000001,15.0,0.0,86.0,0.0,-21.4,0.0,-21.4
35.589999999999975,15.0,0.0,86.0,0.0,-21.4,0.0,-21.4
35.69,15.0,0.0,86.0,0.0,-21.4,0.0,-21.4
35.77999999999997,15.0,0.0,86.0,0.0,-21.4,0.0,-21.4
35.879999999999995,15.0,0.0,86.0,0.0,-21.4,0.0,-21.4
35.96999999999997,15.0,0.0,86.0,0.0,-21.4,0.0,-21.4
36.06999999999999,15.0,0.0,86.0,0.0,-21.4,0.0,-21.4
36.15999999999997,15.0,0.0,86.0,0.0,-21.4,0.0,-21.4
36.25999999999999,15.0,0.0,86.0,0.0,-21.4,0.0,-21.4
36.349999999999966,15.0,0.0,86.0,0.0,-21.4,0.0,-21.4
36.44999999999999,15.0,0.0,86.0,0.0,-21.4,0.0,-21.4
36.539999999999964,15.0,0.0,86.0,0.0,-21.4,0.0,-21.4
36.639999999999986,15.0,0.0,86.0,0.0,-21.4,0.0,-21.4
36.72999999999996,15.0,0.0,86.0,0.0,-21.4,0.0,-21.4
36.829999999999984,15.0,0.0,86.0,0.0,-21.4,0.0,-21.4
36.91999999999996,15.0,0.0,86.0,0.0,-21.4,0.0,-21.4
37.01999999999998,15.0,0.0,86.0,0.0,-21.4,0.0,-21.4
37.120000000000005,15.0,0.0,86.0,0.0,-21.4,0.0,-21.4
37.20999999999998,15.0,0.0,86.0,0.0,-21.4,0.0,-21.4
37.31,15.0,0.0,86.0,0.0,-21.4,0.0,-21.4
37.39999999999998,15.0,0.0,86.0,0.0,-21.4,0.0,-21.4
